{"cameraMode":{"drawMode":0,"name":"Shaded","section":"Shading Mode"},"sceneLighting":true,"audioPlay":false,"sceneViewState":{"m_AlwaysRefresh":false,"showFog":true,"showSkybox":true,"showFlares":true,"showImageEffects":true,"showParticleSystems":true,"showVisualEffectGraphs":true,"m_FxEnabled":true},"in2DMode":false,"pivot":{"x":48.91396713256836,"y":-0.7177000045776367,"z":35.122459411621097},"rotation":{"x":-0.3273569643497467,"y":-0.036261677742004397,"z":0.011671633459627629,"w":-0.944484293460846},"size":34.31083297729492,"orthographic":false}