{"cameraMode":{"drawMode":0,"name":"Shaded","section":"Shading Mode"},"sceneLighting":true,"audioPlay":false,"sceneViewState":{"m_AlwaysRefresh":false,"showFog":true,"showSkybox":true,"showFlares":true,"showImageEffects":true,"showParticleSystems":true,"showVisualEffectGraphs":true,"m_FxEnabled":true},"in2DMode":false,"pivot":{"x":30.965412139892579,"y":1.5301709175109864,"z":4.884796142578125},"rotation":{"x":-0.03933576121926308,"y":-0.11826179176568985,"z":0.0021658306941390039,"w":-0.9926628470420837},"size":2.066025495529175,"orthographic":false}